rnum,rank,rankInten,rankOldAndNew,movieCd,movieNm,openDt,targetDt,salesAmt,salesShare,salesInten,salesChange,salesAcc,audiCnt,audiInten,audiChange,audiAcc,scrnCnt,showCnt
1,1,0,OLD,20199950,조커,2019-10-02,20191007,1386982140,49.4,-2309455870,-62.5,20739998050,167699,-247151,-59.6,2367534,1293,6500
2,2,0,OLD,20195920,가장 보통의 연애,2019-10-02,20191007,794886970,28.3,-1106355660,-58.2,9921111850,98738,-118239,-54.5,1163222,1012,5012
3,3,0,OLD,20184483,퍼펙트맨,2019-10-02,20191007,373285070,13.3,-635892060,-63,5907799350,46972,-68864,-59.4,711272,780,3071
4,4,0,OLD,20193601,장사리 : 잊혀진 영웅들,2019-09-25,20191007,90263400,3.2,-187674420,-67.5,8352025650,12036,-21189,-63.8,1050150,567,1431
5,5,2,OLD,20194456,양자물리학,2019-09-25,20191007,24664420,0.9,-28527260,-53.6,4461218540,3132,-3050,-49.3,545785,362,607
6,6,2,OLD,20188750,나쁜 녀석들: 더 무비,2019-09-11,20191007,18681800,0.7,-19798890,-51.5,39464481084,2362,-2079,-46.8,4559058,287,446
7,7,2,OLD,20199446,원스 어폰 어 타임... 인 할리우드,2019-09-25,20191007,16194300,0.6,-21345700,-56.9,2121054970,2032,-2121,-51.1,260173,136,222
8,8,0,NEW,20191183,제미니 맨,2019-10-09,20191007,20568000,0.7,20568000,100,78672000,1724,1724,100,8170,5,5
9,9,-4,OLD,20195941,소피와 드래곤: 마법책의 비밀,2019-10-02,20191007,8575500,0.3,-85740740,-90.9,558533830,1177,-10673,-90.1,71597,233,258
10,10,-4,OLD,20196380,몬스터 하우스,2019-10-03,20191007,7224100,0.3,-47917300,-86.9,312627800,1055,-5602,-84.2,39053,105,120
1,1,0,OLD,20199950,조커,2019-10-02,20191006,3696438010,50.7,-906711140,-19.7,19353015910,414850,-99473,-19.3,2199835,1410,7097
2,2,0,OLD,20195920,가장 보통의 연애,2019-10-02,20191006,1901242630,26.1,-258836730,-12,9126224880,216977,-30307,-12.3,1064484,1057,5200
3,3,0,OLD,20184483,퍼펙트맨,2019-10-02,20191006,1009177130,13.9,-83691540,-7.7,5534514280,115836,-10347,-8.2,664300,801,3072
4,4,0,OLD,20193601,장사리 : 잊혀진 영웅들,2019-09-25,20191006,277937820,3.8,-44775250,-13.9,8261762250,33225,-5138,-13.4,1038114,624,1448
5,5,0,OLD,20195941,소피와 드래곤: 마법책의 비밀,2019-10-02,20191006,94316240,1.3,-5248680,-5.3,549958330,11850,-688,-5.5,70420,446,686
6,6,1,OLD,20196380,몬스터 하우스,2019-10-03,20191006,55141400,0.8,-6074500,-9.9,305403700,6657,-777,-10.5,37998,193,306
7,7,-1,OLD,20194456,양자물리학,2019-09-25,20191006,53191680,0.7,-16735550,-23.9,4436554120,6182,-1975,-24.2,542653,344,553
8,8,0,OLD,20188750,나쁜 녀석들: 더 무비,2019-09-11,20191006,38480690,0.5,-13595200,-26.1,39445799284,4441,-1500,-25.2,4556696,263,408
9,9,0,OLD,20199446,원스 어폰 어 타임... 인 할리우드,2019-09-25,20191006,37540000,0.5,-10173780,-21.3,2104860670,4153,-1156,-21.8,258141,143,217
10,10,0,OLD,20193665,47미터 2,2019-08-28,20191006,2670000,0.0,33000,1.3,3833030653,2409,2,0.1,492132,6,22
1,1,0,OLD,20199950,조커,2019-10-02,20191005,4603149150,53.2,1450662200,46,15656577900,514323,157689,44.2,1784985,1418,7214
2,2,0,OLD,20195920,가장 보통의 연애,2019-10-02,20191005,2160079360,25.0,780643670,56.6,7224982250,247284,86730,54,847507,1058,5303
3,3,0,OLD,20184483,퍼펙트맨,2019-10-02,20191005,1092868670,12.6,388715390,55.2,4525337150,126183,42760,51.3,548464,803,3142
4,4,0,OLD,20193601,장사리 : 잊혀진 영웅들,2019-09-25,20191005,322713070,3.7,76121510,30.9,7983824430,38363,7733,25.2,1004889,650,1516
5,5,0,OLD,20195941,소피와 드래곤: 마법책의 비밀,2019-10-02,20191005,99564920,1.2,12669660,14.6,455642090,12538,1124,9.8,58570,469,705
6,6,1,OLD,20194456,양자물리학,2019-09-25,20191005,69927230,0.8,3542440,5.3,4383362440,8157,306,3.9,536471,376,610
7,7,-1,OLD,20196380,몬스터 하우스,2019-10-03,20191005,61215900,0.7,833700,1.4,250262300,7434,-428,-5.4,31341,202,312
8,8,0,OLD,20188750,나쁜 녀석들: 더 무비,2019-09-11,20191005,52075890,0.6,-6090230,-10.5,39407318594,5941,-1050,-15,4552255,271,434
9,9,1,OLD,20199446,원스 어폰 어 타임... 인 할리우드,2019-09-25,20191005,47713780,0.6,11538770,31.9,2067320670,5309,1245,30.6,253988,147,220
10,10,1,OLD,20193665,47미터 2,2019-08-28,20191005,2637000,0.0,-8000,-0.3,3830360653,2407,-5,-0.2,489723,7,22
1,1,0,OLD,20199950,조커,2019-10-02,20191004,3152486950,52.8,-2040049960,-39.3,11053428750,356634,-231183,-39.3,1270662,1327,6513
2,2,0,OLD,20195920,가장 보통의 연애,2019-10-02,20191004,1379435690,23.1,-1080999170,-43.9,5064902890,160554,-124667,-43.7,600223,1069,5255
3,3,0,OLD,20184483,퍼펙트맨,2019-10-02,20191004,704153280,11.8,-682853460,-49.2,3432468480,83423,-78983,-48.6,422281,793,3156
4,4,0,OLD,20193601,장사리 : 잊혀진 영웅들,2019-09-25,20191004,246591560,4.1,-376503040,-60.4,7661111360,30630,-44962,-59.5,966526,640,1627
5,5,0,OLD,20195941,소피와 드래곤: 마법책의 비밀,2019-10-02,20191004,86895260,1.5,-163223150,-65.3,356077170,11414,-20660,-64.4,46032,401,506
6,6,2,OLD,20196380,몬스터 하우스,2019-10-03,20191004,60382200,1.0,-59346000,-49.6,189046400,7862,-6941,-46.9,23907,175,225
7,7,-1,OLD,20194456,양자물리학,2019-09-25,20191004,66384790,1.1,-126220700,-65.5,4313435210,7851,-14825,-65.4,528314,440,847
8,8,-1,OLD,20188750,나쁜 녀석들: 더 무비,2019-09-11,20191004,58166120,1.0,-79843840,-57.9,39355242704,6991,-9090,-56.5,4546314,359,593
9,9,0,NEW,20191183,제미니 맨,2019-10-09,20191004,53693000,0.9,53693000,100,58104000,6045,6045,100,6446,28,28
10,10,-1,OLD,20199446,원스 어폰 어 타임... 인 할리우드,2019-09-25,20191004,36175010,0.6,-40709310,-52.9,2019606890,4064,-4525,-52.7,248679,156,254
1,1,0,OLD,20199950,조커,2019-10-02,20191003,5192536910,48.6,2512047220,93.7,7900941800,587817,264408,81.8,914028,1356,6422
2,2,0,OLD,20195920,가장 보통의 연애,2019-10-02,20191003,2460434860,23.0,1307765020,113.5,3685467200,285221,139647,95.9,439669,1073,5191
3,3,0,OLD,20184483,퍼펙트맨,2019-10-02,20191003,1387006740,13.0,779553300,128.3,2728315200,162406,84958,109.7,338858,835,3344
4,4,0,OLD,20193601,장사리 : 잊혀진 영웅들,2019-09-25,20191003,623094600,5.8,349321200,127.6,7414519800,75592,39089,107.1,935896,646,1706
5,5,3,OLD,20195941,소피와 드래곤: 마법책의 비밀,2019-10-02,20191003,250118410,2.3,233862910,1438.7,269181910,32074,29842,1337,34618,441,628
6,6,-1,OLD,20194456,양자물리학,2019-09-25,20191003,192605490,1.8,89655850,87.1,4247050420,22676,9450,71.5,520463,487,963
7,7,-1,OLD,20188750,나쁜 녀석들: 더 무비,2019-09-11,20191003,138009960,1.3,55245740,66.8,39297076584,16081,5642,54,4539323,379,660
8,8,0,NEW,20196380,몬스터 하우스,2019-10-03,20191003,119728200,1.1,119728200,100,128664200,14803,14803,100,16045,182,262
9,9,-2,OLD,20199446,원스 어폰 어 타임... 인 할리우드,2019-09-25,20191003,76884320,0.7,33478840,77.1,1983431880,8589,3265,61.3,244615,167,287
10,10,31,OLD,20193743,오션스: 문어구출대작전,2019-10-03,20191003,35324840,0.3,33569840,1912.8,37079840,4483,4288,2199,4678,191,221
1,1,11,OLD,20199950,조커,2019-10-02,20191002,2680489690,52.7,2653414490,9800.2,2708404890,323409,320687,11781.3,326211,1192,5576
2,2,14,OLD,20195920,가장 보통의 연애,2019-10-02,20191002,1152669840,22.7,1143793840,12886.4,1225032340,145574,144050,9452.1,154448,1006,4912
3,3,4,OLD,20184483,퍼펙트맨,2019-10-02,20191002,607453440,12.0,582036440,2289.9,1341308460,77448,73817,2033,176452,894,3704
4,4,-3,OLD,20193601,장사리 : 잊혀진 영웅들,2019-09-25,20191002,273773400,5.4,-212684420,-43.7,6791425200,36503,-27811,-43.2,860304,673,1792
5,5,-3,OLD,20194456,양자물리학,2019-09-25,20191002,102949640,2.0,-263959650,-71.9,4054444930,13226,-33264,-71.6,497787,509,1055
6,6,-3,OLD,20188750,나쁜 녀석들: 더 무비,2019-09-11,20191002,82764220,1.6,-165305570,-66.6,39159066624,10439,-21370,-67.2,4523242,408,825
7,7,-3,OLD,20199446,원스 어폰 어 타임... 인 할리우드,2019-09-25,20191002,43405480,0.9,-74811760,-63.3,1906547560,5324,-9565,-64.2,236026,208,356
8,8,0,NEW,20195941,소피와 드래곤: 마법책의 비밀,2019-10-02,20191002,16255500,0.3,16255500,100,19063500,2232,2232,100,2544,247,270
9,9,10,OLD,20181103,벌새,2019-08-29,20191002,10389280,0.2,1850760,21.7,899879415,1358,248,22.3,109839,58,86
10,10,-5,OLD,20192982,애드 아스트라,2019-09-19,20191002,9067480,0.2,-43331430,-82.7,4429191560,1197,-5491,-82.1,502889,56,76
1,1,0,OLD,20193601,장사리 : 잊혀진 영웅들,2019-09-25,20191001,486457820,30.4,-44863420,-8.4,6517651800,64314,-5463,-7.8,823801,997,4602
2,2,0,OLD,20194456,양자물리학,2019-09-25,20191001,366909290,22.9,-32057920,-8,3951495290,46490,-3980,-7.9,484561,778,3027
3,3,0,OLD,20188750,나쁜 녀석들: 더 무비,2019-09-11,20191001,248069790,15.5,-51288240,-17.1,39076302404,31809,-6956,-17.9,4512803,871,3482
4,4,0,OLD,20199446,원스 어폰 어 타임... 인 할리우드,2019-09-25,20191001,118217240,7.4,-29849300,-20.2,1863142080,14889,-3922,-20.8,230702,630,1730
5,5,0,OLD,20192982,애드 아스트라,2019-09-19,20191001,52398910,3.3,-5331680,-9.2,4420124080,6688,-805,-10.7,501692,465,902
6,6,0,OLD,20184572,타짜: 원 아이드 잭,2019-09-11,20191001,40686110,2.5,-9451930,-18.9,19645357254,5197,-1125,-17.8,2224340,375,867
7,7,0,OLD,20184483,퍼펙트맨,2019-10-02,20191001,25417000,1.6,-7978000,-23.9,733855020,3631,-1655,-31.3,99004,25,25
8,8,2,OLD,20193807,예스터데이,2019-09-18,20191001,25236620,1.6,1197040,5,2524291600,3345,221,7.1,298715,308,464
9,9,-1,OLD,20195968,더 룸,2019-09-25,20191001,26836100,1.7,-6215000,-18.8,421361700,3342,-749,-18.3,52117,158,453
10,10,-1,OLD,20195203,레플리카,2019-09-25,20191001,25810470,1.6,-2631420,-9.3,300225960,3300,-362,-9.9,38168,320,612
1,1,0,OLD,20193601,장사리 : 잊혀진 영웅들,2019-09-25,20190930,531321240,30.1,-1102867080,-67.5,6031193980,69777,-122130,-63.6,759487,991,4621
2,2,0,OLD,20194456,양자물리학,2019-09-25,20190930,398967210,22.6,-573889840,-59,3584586000,50470,-60379,-54.5,438071,747,2960
3,3,0,OLD,20188750,나쁜 녀석들: 더 무비,2019-09-11,20190930,299358030,16.9,-480153810,-61.6,38828232614,38765,-51014,-56.8,4480994,872,3607
4,4,0,OLD,20199446,원스 어폰 어 타임... 인 할리우드,2019-09-25,20190930,148066540,8.4,-228681490,-60.7,1744924840,18811,-23781,-55.8,215813,631,1782
5,5,0,OLD,20192982,애드 아스트라,2019-09-19,20190930,57730590,3.3,-88819060,-60.6,4367725170,7493,-9429,-55.7,495004,475,925
6,6,1,OLD,20184572,타짜: 원 아이드 잭,2019-09-11,20190930,50138040,2.8,-43914210,-46.7,19604671144,6322,-4088,-39.3,2219143,376,891
7,7,-1,OLD,20184483,퍼펙트맨,2019-10-02,20190930,33395000,1.9,-106574320,-76.1,708438020,5286,-10596,-66.7,95373,17,20
8,8,0,OLD,20195968,더 룸,2019-09-25,20190930,33051100,1.9,-40508100,-55.1,394525600,4091,-4136,-50.3,48775,146,466
9,9,2,OLD,20195203,레플리카,2019-09-25,20190930,28441890,1.6,-25711370,-47.5,274415490,3662,-2502,-40.6,34868,322,644
10,10,0,OLD,20193807,예스터데이,2019-09-18,20190930,24039580,1.4,-33670150,-58.3,2499054980,3124,-3579,-53.4,295370,301,466
1,1,0,OLD,20193601,장사리 : 잊혀진 영웅들,2019-09-25,20190929,1634188320,34.7,-95750080,-5.5,5499872740,191907,-10029,-5,689710,1090,4793
2,2,0,OLD,20194456,양자물리학,2019-09-25,20190929,972857050,20.7,8894300,0.9,3185618790,110849,853,0.8,387601,799,2804
3,3,0,OLD,20188750,나쁜 녀석들: 더 무비,2019-09-11,20190929,779511840,16.6,-177770900,-18.6,38528874584,89779,-20032,-18.2,4442229,985,3845
4,4,0,OLD,20199446,원스 어폰 어 타임... 인 할리우드,2019-09-25,20190929,376748030,8.0,-90523760,-19.4,1596858300,42592,-9788,-18.7,197002,661,1880
5,5,0,OLD,20192982,애드 아스트라,2019-09-19,20190929,146549650,3.1,-29831090,-16.9,4309994580,16922,-3034,-15.2,487511,484,899
6,6,0,OLD,20184483,퍼펙트맨,2019-10-02,20190929,139969320,3.0,-7438380,-5,675043020,15882,-1613,-9.2,90087,455,692
7,7,0,OLD,20184572,타짜: 원 아이드 잭,2019-09-11,20190929,94052250,2.0,-13024610,-12.2,19554533104,10410,-1318,-11.2,2212821,397,866
8,8,0,OLD,20195968,더 룸,2019-09-25,20190929,73559200,1.6,-16184500,-18,361474500,8227,-1881,-18.6,44684,155,473
9,9,1,OLD,20193821,극장판 헬로카봇 : 달나라를 구해줘!,2019-09-04,20190929,57858830,1.2,5892230,11.3,4474566430,7367,723,10.9,576752,168,236
10,10,-1,OLD,20193807,예스터데이,2019-09-18,20190929,57709730,1.2,-14750490,-20.4,2475015400,6703,-1534,-18.6,292246,307,447
1,1,0,OLD,20193601,장사리 : 잊혀진 영웅들,2019-09-25,20190928,1729938400,33.7,960866860,124.9,3865684420,201936,110616,121.1,497803,1064,4814
2,2,1,OLD,20194456,양자물리학,2019-09-25,20190928,963962750,18.8,488693110,102.8,2212761740,109996,55176,100.6,276752,772,2727
3,3,-1,OLD,20188750,나쁜 녀석들: 더 무비,2019-09-11,20190928,957282740,18.7,451887550,89.4,37749362744,109811,50775,86,4352450,1000,4024
4,4,0,OLD,20199446,원스 어폰 어 타임... 인 할리우드,2019-09-25,20190928,467271790,9.1,215638260,85.7,1220110270,52380,23990,84.5,154410,678,1931
5,5,0,OLD,20192982,애드 아스트라,2019-09-19,20190928,176380740,3.4,68590700,63.6,4163444930,19956,7821,64.4,470589,493,919
6,6,0,NEW,20184483,퍼펙트맨,2019-10-02,20190928,147407700,2.9,147407700,100,535073700,17495,17495,100,74205,481,723
7,7,-1,OLD,20184572,타짜: 원 아이드 잭,2019-09-11,20190928,107076860,2.1,33835560,46.2,19460480854,11728,3454,41.7,2202411,405,907
8,8,-1,OLD,20195968,더 룸,2019-09-25,20190928,89743700,1.7,33378800,59.2,287915300,10108,3752,59,36457,163,496
9,9,-1,OLD,20193807,예스터데이,2019-09-18,20190928,72460220,1.4,25248240,53.5,2417305670,8237,2632,47,285543,317,470
10,10,17,OLD,20193821,극장판 헬로카봇 : 달나라를 구해줘!,2019-09-04,20190928,51966600,1.0,48143000,1259.1,4416707600,6644,6144,1228.8,569385,172,241
1,1,0,OLD,20193601,장사리 : 잊혀진 영웅들,2019-09-25,20190927,769071540,30.3,247649530,47.5,2135746020,91320,25047,37.8,295867,979,4579
2,2,0,OLD,20188750,나쁜 녀석들: 더 무비,2019-09-11,20190927,505395190,19.9,138735840,37.8,36792080004,59036,12772,27.6,4242639,921,3806
3,3,0,OLD,20194456,양자물리학,2019-09-25,20190927,475269640,18.7,140969660,42.2,1248798990,54820,14022,34.4,166756,658,2689
4,4,0,OLD,20199446,원스 어폰 어 타임... 인 할리우드,2019-09-25,20190927,251633530,9.9,70272180,38.7,752838480,28390,6014,26.9,102030,668,1848
5,5,0,OLD,20192982,애드 아스트라,2019-09-19,20190927,107790040,4.2,25295670,30.7,3987064190,12135,2185,22,450633,489,1066
6,6,0,OLD,20184572,타짜: 원 아이드 잭,2019-09-11,20190927,73241300,2.9,11107360,17.9,19353403994,8274,552,7.1,2190683,429,1025
7,7,0,OLD,20195968,더 룸,2019-09-25,20190927,56364900,2.2,15348700,37.4,198171600,6356,1418,28.7,26349,157,562
8,8,1,OLD,20193807,예스터데이,2019-09-18,20190927,47211980,1.9,13356480,39.5,2344845450,5605,1278,29.5,277306,337,525
9,9,-1,OLD,20195203,레플리카,2019-09-25,20190927,43191260,1.7,5167590,13.6,135436920,5060,229,4.7,18625,339,774
10,10,0,OLD,20187322,"힘을 내요, 미스터 리",2019-09-11,20190927,23447940,0.9,-681320,-2.8,9777771276,3379,-331,-8.9,1158868,222,319
1,1,0,OLD,20193601,장사리 : 잊혀진 영웅들,2019-09-25,20190926,521422010,27.4,-248945460,-32.3,1366674480,66273,-63665,-49,204547,977,4390
2,2,0,OLD,20188750,나쁜 녀석들: 더 무비,2019-09-11,20190926,366659350,19.3,-165142880,-31.1,36286684814,46264,-42828,-48.1,4183603,891,3488
3,3,0,OLD,20194456,양자물리학,2019-09-25,20190926,334299980,17.6,11057610,3.4,773529350,40798,-12653,-23.7,111936,669,2665
4,4,0,OLD,20199446,원스 어폰 어 타임... 인 할리우드,2019-09-25,20190926,181361350,9.5,-107762250,-37.3,501204950,22376,-25610,-53.4,73640,640,1716
5,5,0,OLD,20192982,애드 아스트라,2019-09-19,20190926,82494370,4.3,-36442740,-30.6,3879274150,9950,-9215,-48.1,438498,484,1103
6,6,0,OLD,20184572,타짜: 원 아이드 잭,2019-09-11,20190926,62133940,3.3,-26242080,-29.7,19280162694,7722,-6785,-46.8,2182409,424,1018
7,7,0,OLD,20195968,더 룸,2019-09-25,20190926,41016200,2.2,-19544700,-32.3,141806700,4938,-4973,-50.2,19993,144,572
8,8,1,OLD,20195203,레플리카,2019-09-25,20190926,38023670,2.0,-14678320,-27.9,92245660,4831,-3713,-43.5,13565,344,838
9,9,-1,OLD,20193807,예스터데이,2019-09-18,20190926,33855500,1.8,-21213500,-38.5,2297633470,4327,-4626,-51.7,271701,338,541
10,10,0,OLD,20187322,"힘을 내요, 미스터 리",2019-09-11,20190926,24129260,1.3,-10744510,-30.8,9754323336,3710,-2255,-37.8,1155489,215,305
1,1,7,OLD,20193601,장사리 : 잊혀진 영웅들,2019-09-25,20190925,770367470,31.0,737148470,2219.1,845252470,129938,126294,3465.8,138274,1065,4381
2,2,-1,OLD,20188750,나쁜 녀석들: 더 무비,2019-09-11,20190925,531802230,21.4,5289960,1,35920025464,89092,23148,35.1,4137339,881,3229
3,3,4,OLD,20194456,양자물리학,2019-09-25,20190925,323242370,13.0,273252370,546.6,439229370,53451,44881,523.7,71138,731,2675
4,4,7,OLD,20199446,원스 어폰 어 타임... 인 할리우드,2019-09-25,20190925,289123600,11.6,268923600,1331.3,319843600,47986,45966,2275.5,51264,670,1648
5,5,-3,OLD,20192982,애드 아스트라,2019-09-19,20190925,118937110,4.8,-98966820,-45.4,3796779780,19165,-7158,-27.2,428548,520,1159
6,6,-3,OLD,20184572,타짜: 원 아이드 잭,2019-09-11,20190925,88376020,3.6,-93250270,-51.3,19218028754,14507,-8016,-35.6,2174687,516,1083
7,7,27,OLD,20195968,더 룸,2019-09-25,20190925,60560900,2.4,58192900,2457.5,100790500,9911,9615,3248.3,15055,159,587
8,8,-3,OLD,20193807,예스터데이,2019-09-18,20190925,55069000,2.2,-62607790,-53.2,2263777970,8953,-6018,-40.2,267374,374,607
9,9,0,NEW,20195203,레플리카,2019-09-25,20190925,52701990,2.1,52701990,100,54221990,8544,8544,100,8734,360,871
10,10,-4,OLD,20187322,"힘을 내요, 미스터 리",2019-09-11,20190925,34873770,1.4,-65163530,-65.1,9730194076,5965,-7647,-56.2,1151779,256,359
1,1,0,OLD,20188750,나쁜 녀석들: 더 무비,2019-09-11,20190924,526512270,32.3,-82011670,-13.5,35388223234,65944,-9586,-12.7,4048247,1114,5235
2,2,0,OLD,20192982,애드 아스트라,2019-09-19,20190924,217903930,13.4,-32529110,-13,3677842670,26323,-3805,-12.6,409383,787,3179
3,3,0,OLD,20184572,타짜: 원 아이드 잭,2019-09-11,20190924,181626290,11.1,-28768320,-13.7,19129652734,22523,-3530,-13.5,2160180,777,2661
4,4,2,OLD,20184483,퍼펙트맨,2019-10-02,20190924,159523000,9.8,136105000,581.2,375993000,21932,19292,730.8,55273,147,164
5,5,-1,OLD,20193807,예스터데이,2019-09-18,20190924,117676790,7.2,-13830250,-10.5,2208708970,14971,-1495,-9.1,258421,630,2161
6,6,-1,OLD,20187322,"힘을 내요, 미스터 리",2019-09-11,20190924,100037300,6.1,4990910,5.3,9695320306,13612,900,7.1,1145814,584,1642
7,7,12,OLD,20194456,양자물리학,2019-09-25,20190924,49990000,3.1,45580000,1033.6,115987000,8570,8080,1649,17687,64,65
8,8,15,OLD,20193601,장사리 : 잊혀진 영웅들,2019-09-25,20190924,33219000,2.0,30136000,977.5,74885000,3644,3239,799.8,8336,17,17
9,9,0,NEW,20195920,가장 보통의 연애,2019-10-02,20190924,30123000,1.8,30123000,100,32930000,3347,3347,100,3748,15,18
10,10,-1,OLD,20192804,그것: 두 번째 이야기,2019-09-04,20190924,28255000,1.7,18084320,177.8,5092931167,3278,2065,170.2,588958,109,160
1,1,0,OLD,20188750,나쁜 녀석들: 더 무비,2019-09-11,20190923,608523940,41.4,-1566605180,-72,34861710964,75530,-169767,-69.2,3982303,1084,5372
2,2,0,OLD,20192982,애드 아스트라,2019-09-19,20190923,250433040,17.0,-710511250,-73.9,3459938740,30128,-75438,-71.5,383060,799,3291
3,3,0,OLD,20184572,타짜: 원 아이드 잭,2019-09-11,20190923,210394610,14.3,-479558590,-69.5,18948026444,26053,-49895,-65.7,2137657,748,2713
4,4,0,OLD,20193807,예스터데이,2019-09-18,20190923,131507040,8.9,-336202190,-71.9,2091032180,16466,-37072,-69.2,243450,614,2277
5,5,0,OLD,20187322,"힘을 내요, 미스터 리",2019-09-11,20190923,95046390,6.5,-278935910,-74.6,9595283006,12712,-31146,-71,1132202,558,1668
6,6,0,NEW,20184483,퍼펙트맨,2019-10-02,20190923,23418000,1.6,23418000,100,216470000,2640,2640,100,33341,13,13
7,7,0,NEW,20195968,더 룸,2019-09-25,20190923,18560000,1.3,18560000,100,37861600,2320,2320,100,4848,11,11
8,8,-1,OLD,20181103,벌새,2019-08-29,20190923,15188600,1.0,-17347240,-53.3,787042522,1963,-1898,-49.2,95329,85,164
9,9,-1,OLD,20192804,그것: 두 번째 이야기,2019-09-04,20190923,10170680,0.7,-22183790,-68.6,5064676167,1213,-2417,-66.6,585680,96,145
10,10,-4,OLD,20193821,극장판 헬로카봇 : 달나라를 구해줘!,2019-09-04,20190923,8245900,0.6,-165663430,-95.3,4343198420,1097,-20748,-95,559668,171,198
1,1,0,OLD,20188750,나쁜 녀석들: 더 무비,2019-09-11,20190922,2175129120,42.5,-323804320,-13,34253187024,245297,-39086,-13.7,3906773,1196,5844
2,2,0,OLD,20192982,애드 아스트라,2019-09-19,20190922,960944290,18.8,-286576250,-23,3209505700,105566,-29898,-22.1,352932,835,3526
3,3,0,OLD,20184572,타짜: 원 아이드 잭,2019-09-11,20190922,689953200,13.5,-21635650,-3,18737631834,75948,-4799,-5.9,2111604,801,2790
4,4,0,OLD,20193807,예스터데이,2019-09-18,20190922,467709230,9.1,-75135630,-13.8,1959525140,53538,-8701,-14,226984,647,2494
5,5,0,OLD,20187322,"힘을 내요, 미스터 리",2019-09-11,20190922,373982300,7.3,-16096830,-4.1,9500236616,43858,-2776,-6,1119490,597,1741
6,6,0,OLD,20193821,극장판 헬로카봇 : 달나라를 구해줘!,2019-09-04,20190922,173909330,3.4,13409740,8.4,4334952520,21845,1493,7.3,558571,431,644
7,7,1,OLD,20181103,벌새,2019-08-29,20190922,32535840,0.6,-1508390,-4.4,771853922,3861,-276,-6.7,93366,91,154
8,8,-1,OLD,20192804,그것: 두 번째 이야기,2019-09-04,20190922,32354470,0.6,-18610600,-36.5,5054505487,3630,-2146,-37.2,584467,104,161
9,9,0,OLD,20184621,엑시트,2019-07-31,20190922,28623880,0.6,-5249320,-15.5,79107385402,3421,-657,-16.1,9407848,140,184
10,10,0,OLD,20194943,발명왕 볼트,2019-09-19,20190922,25125340,0.5,-828260,-3.2,57983640,3122,-75,-2.3,7386,239,293
1,1,0,OLD,20188750,나쁜 녀석들: 더 무비,2019-09-11,20190921,2498933440,42.3,1347911820,117.1,32078057904,284383,153085,116.6,3661476,1225,6002
2,2,0,OLD,20192982,애드 아스트라,2019-09-19,20190921,1247520540,21.1,675253230,118,2248561410,135464,73273,117.8,247366,853,3633
3,3,0,OLD,20184572,타짜: 원 아이드 잭,2019-09-11,20190921,711588850,12.1,351606360,97.7,18047678634,80747,38879,92.9,2035656,818,2899
4,4,0,OLD,20193807,예스터데이,2019-09-18,20190921,542844860,9.2,272203400,100.6,1491815910,62239,31319,101.3,173446,667,2679
5,5,0,OLD,20187322,"힘을 내요, 미스터 리",2019-09-11,20190921,390079130,6.6,221617530,131.6,9126254316,46634,25942,125.4,1075632,593,1779
6,6,3,OLD,20193821,극장판 헬로카봇 : 달나라를 구해줘!,2019-09-04,20190921,160499590,2.7,145738770,987.3,4161043190,20352,18435,961.7,536726,408,602
7,7,-1,OLD,20192804,그것: 두 번째 이야기,2019-09-04,20190921,50965070,0.9,25875350,103.1,5022151017,5776,2935,103.3,580837,109,177
8,8,-1,OLD,20181103,벌새,2019-08-29,20190921,34044230,0.6,10947650,47.4,739318082,4137,1466,54.9,89505,85,149
9,9,2,OLD,20184621,엑시트,2019-07-31,20190921,33873200,0.6,21036480,163.9,79078761522,4078,2514,160.7,9404427,152,204
10,10,13,OLD,20194943,발명왕 볼트,2019-09-19,20190921,25953600,0.4,21750700,517.5,32858300,3197,2565,405.9,4264,232,297
1,1,0,OLD,20188750,나쁜 녀석들: 더 무비,2019-09-11,20190920,1151021620,41.7,320097650,38.5,29579124464,131298,29102,28.5,3377093,1083,5218
2,2,0,OLD,20192982,애드 아스트라,2019-09-19,20190920,572267310,20.8,167741950,41.5,1001040870,62191,14979,31.7,111902,823,3442
3,3,0,OLD,20184572,타짜: 원 아이드 잭,2019-09-11,20190920,359982490,13.1,63585060,21.5,17336089784,41868,4090,10.8,1954909,821,2872
4,4,0,OLD,20193807,예스터데이,2019-09-18,20190920,270641460,9.8,68391610,33.8,948971050,30920,6265,25.4,111207,729,2949
5,5,0,OLD,20187322,"힘을 내요, 미스터 리",2019-09-11,20190920,168461600,6.1,35832140,27,8736175186,20692,3018,17.1,1028998,619,1824
6,6,5,OLD,20192804,그것: 두 번째 이야기,2019-09-04,20190920,25089720,0.9,12149200,93.9,4971185947,2841,1302,84.6,575061,104,151
7,7,3,OLD,20181103,벌새,2019-08-29,20190920,23096580,0.8,10713780,86.5,705273852,2671,1093,69.3,85368,77,136
8,8,-2,OLD,20184483,퍼펙트맨,2019-10-02,20190920,16701000,0.6,-19623000,-54,185373000,2467,-3817,-60.7,29604,19,19
9,9,0,OLD,20193821,극장판 헬로카봇 : 달나라를 구해줘!,2019-09-04,20190920,14760820,0.5,3248920,28.2,4000543600,1917,288,17.7,516374,183,218
10,10,6,OLD,20193601,장사리 : 잊혀진 영웅들,2019-09-25,20190920,16272000,0.6,5238000,47.5,38583000,1808,582,47.5,4287,9,9
1,1,0,OLD,20188750,나쁜 녀석들: 더 무비,2019-09-11,20190919,830923970,39.2,-209591040,-20.1,28428102844,102196,-25956,-20.3,3245795,1052,4948
2,2,9,OLD,20192982,애드 아스트라,2019-09-19,20190919,404525360,19.1,386496160,2143.7,428773560,47212,45404,2511.3,49711,783,3250
3,3,-1,OLD,20184572,타짜: 원 아이드 잭,2019-09-11,20190919,296397430,14.0,-84908230,-22.3,16976107294,37778,-10439,-21.7,1913041,846,2856
4,4,-1,OLD,20193807,예스터데이,2019-09-18,20190919,202249850,9.5,-120105840,-37.3,678329590,24655,-14738,-37.4,80287,766,3046
5,5,-1,OLD,20187322,"힘을 내요, 미스터 리",2019-09-11,20190919,132629460,6.3,-45517510,-25.6,8567713586,17674,-5655,-24.2,1008306,580,1769
6,6,-1,OLD,20184483,퍼펙트맨,2019-10-02,20190919,36324000,1.7,0,0,168672000,6284,607,10.7,27137,36,36
7,7,0,NEW,20195202,뷰티풀 보이,2019-09-19,20190919,19464820,0.9,19464820,100,38386320,2574,2574,100,4917,130,198
8,8,0,NEW,20189077,비뚤어진 집,2019-09-19,20190919,13185260,0.6,13185260,100,21107760,1809,1809,100,2606,129,238
9,9,0,OLD,20193821,극장판 헬로카봇 : 달나라를 구해줘!,2019-09-04,20190919,11511900,0.5,-4590500,-28.5,3985782780,1629,-534,-24.7,514457,166,196
10,10,-4,OLD,20181103,벌새,2019-08-29,20190919,12382800,0.6,-7799760,-38.6,682177272,1578,-1112,-41.3,82697,76,128
1,1,0,OLD,20188750,나쁜 녀석들: 더 무비,2019-09-11,20190918,1040515010,48.2,-69087550,-6.2,27597178874,128152,-8535,-6.2,3143599,1172,5858
2,2,0,OLD,20184572,타짜: 원 아이드 잭,2019-09-11,20190918,381305660,17.6,-90484110,-19.2,16679709864,48217,-9418,-16.3,1875263,968,3717
3,3,31,OLD,20193807,예스터데이,2019-09-18,20190918,322355690,14.9,320528690,17544,476079740,39393,39190,19305.4,55632,816,3789
4,4,-1,OLD,20187322,"힘을 내요, 미스터 리",2019-09-11,20190918,178146970,8.2,-128882110,-42,8435084126,23329,-21790,-48.3,990632,689,2552
5,5,-1,OLD,20184483,퍼펙트맨,2019-10-02,20190918,36324000,1.7,-15498000,-29.9,132348000,5677,-3733,-39.7,20853,34,34
6,6,3,OLD,20181103,벌새,2019-08-29,20190918,20182560,0.9,1492320,8,669794472,2690,224,9.1,81119,81,172
7,7,-2,OLD,20192804,그것: 두 번째 이야기,2019-09-04,20190918,21467980,1.0,-17714500,-45.2,4933155707,2569,-2069,-44.6,570681,127,220
8,8,-2,OLD,20181416,유열의 음악앨범,2019-08-28,20190918,17632120,0.8,-11429340,-39.3,10149534650,2202,-1370,-38.4,1235490,166,295
9,9,-2,OLD,20193821,극장판 헬로카봇 : 달나라를 구해줘!,2019-09-04,20190918,16102400,0.7,-7241180,-31,3974270880,2163,-1103,-33.8,512828,232,294
10,10,-2,OLD,20184621,엑시트,2019-07-31,20190918,16817410,0.8,-8245680,-32.9,79021343072,2136,-1052,-33,9397389,222,383
1,1,0,OLD,20188750,나쁜 녀석들: 더 무비,2019-09-11,20190917,1109602560,50.7,-488360060,-30.6,26556663864,136687,-61141,-30.9,3015447,1285,6203
2,2,0,OLD,20184572,타짜: 원 아이드 잭,2019-09-11,20190917,471789770,21.5,-222414650,-32,16298404204,57635,-27741,-32.5,1827046,1221,4779
3,3,0,OLD,20187322,"힘을 내요, 미스터 리",2019-09-11,20190917,307029080,14.0,21794530,7.6,8256937156,45119,8781,24.2,967303,943,3410
4,4,1,OLD,20184483,퍼펙트맨,2019-10-02,20190917,51822000,2.4,9892000,23.6,96024000,9410,3928,71.7,15176,69,69
5,5,-1,OLD,20192804,그것: 두 번째 이야기,2019-09-04,20190917,39182480,1.8,-13964940,-26.3,4911687727,4638,-1822,-28.2,568112,283,444
6,6,3,OLD,20181416,유열의 음악앨범,2019-08-28,20190917,29061460,1.3,-4337550,-13,10131902530,3572,-590,-14.2,1233288,292,511
7,7,1,OLD,20193821,극장판 헬로카봇 : 달나라를 구해줘!,2019-09-04,20190917,23343580,1.1,-7837300,-25.1,3958168480,3266,-909,-21.8,510665,343,433
8,8,-2,OLD,20184621,엑시트,2019-07-31,20190917,25063090,1.1,-14550920,-36.7,79004525662,3188,-1791,-36,9395253,333,560
9,9,1,OLD,20181103,벌새,2019-08-29,20190917,18690240,0.9,-3438440,-15.5,649611912,2466,-293,-10.6,78429,78,159
10,10,4,OLD,20198323,레드슈즈,2019-07-25,20190917,10856500,0.5,4789000,78.9,6051170190,1416,558,65,811538,11,13
1,1,0,OLD,20188750,나쁜 녀석들: 더 무비,2019-09-11,20190916,1597962620,54.5,-3491534550,-68.6,25447061304,197828,-373744,-65.4,2878760,1251,6234
2,2,0,OLD,20184572,타짜: 원 아이드 잭,2019-09-11,20190916,694204420,23.7,-1553091870,-69.1,15826614434,85376,-160137,-65.2,1769411,1210,4911
3,3,0,OLD,20187322,"힘을 내요, 미스터 리",2019-09-11,20190916,285234550,9.7,-1011452700,-78,7949908076,36338,-115116,-76,922184,878,3504
4,4,3,OLD,20192804,그것: 두 번째 이야기,2019-09-04,20190916,53147420,1.8,-76069890,-58.9,4872505247,6460,-8345,-56.4,563474,293,465
5,5,0,NEW,20184483,퍼펙트맨,2019-10-02,20190916,41930000,1.4,41930000,100,44202000,5482,5482,100,5766,29,29
6,6,-1,OLD,20184621,엑시트,2019-07-31,20190916,39614010,1.4,-141414050,-78.1,78979462572,4979,-15689,-75.9,9392065,352,622
7,7,5,OLD,20196850,분노의 질주: 홉스&쇼,2019-08-14,20190916,31043030,1.1,9446640,43.7,32213119343,4220,1747,70.6,3654080,105,155
8,8,-4,OLD,20193821,극장판 헬로카봇 : 달나라를 구해줘!,2019-09-04,20190916,31180880,1.1,-345589210,-91.7,3934824900,4175,-42990,-91.1,507399,369,485
9,9,-1,OLD,20181416,유열의 음악앨범,2019-08-28,20190916,33399010,1.1,-36740330,-52.4,10102841070,4162,-3782,-47.6,1229716,300,524
10,10,0,OLD,20181103,벌새,2019-08-29,20190916,22128680,0.8,-18268900,-45.2,630921672,2759,-2292,-45.4,75963,71,154
1,1,0,OLD,20188750,나쁜 녀석들: 더 무비,2019-09-11,20190915,5089497170,52.0,-1655465392,-24.5,23849098684,571572,-185411,-24.5,2680932,1511,7247
2,2,0,OLD,20184572,타짜: 원 아이드 잭,2019-09-11,20190915,2247296290,23.0,-1129959362,-33.5,15132410014,245513,-123473,-33.5,1684035,1324,5338
3,3,0,OLD,20187322,"힘을 내요, 미스터 리",2019-09-11,20190915,1296687250,13.3,-788184568,-37.8,7664673526,151454,-89381,-37.1,885846,946,3763
4,4,0,OLD,20193821,극장판 헬로카봇 : 달나라를 구해줘!,2019-09-04,20190915,376770090,3.9,197140,0.1,3903644020,47165,93,0.2,503224,586,1076
5,5,0,OLD,20184621,엑시트,2019-07-31,20190915,181028060,1.9,-151254990,-45.5,78939848562,20668,-16751,-44.8,9387086,388,675
6,6,1,OLD,20194045,극장판 반지의 비밀일기,2019-09-11,20190915,125482100,1.3,7504300,6.4,458358530,15533,1006,6.9,56299,413,521
7,7,-1,OLD,20192804,그것: 두 번째 이야기,2019-09-04,20190915,129217310,1.3,-49281730,-27.6,4819357827,14805,-5529,-27.2,557014,257,367
8,8,0,OLD,20181416,유열의 음악앨범,2019-08-28,20190915,70139340,0.7,-32456210,-31.6,10069442060,7944,-3604,-31.2,1225554,227,332
9,9,0,OLD,20193807,예스터데이,2019-09-18,20190915,52857180,0.5,-17082090,-24.4,147415450,5593,-1818,-24.5,15626,53,87
10,10,0,OLD,20181103,벌새,2019-08-29,20190915,40397580,0.4,-4237550,-9.5,608792992,5051,-335,-6.2,73204,68,131
1,1,0,OLD,20188750,나쁜 녀석들: 더 무비,2019-09-11,20190914,6744962562,49.4,910247080,15.6,18759601514,756983,116730,18.2,2109360,1483,7268
2,2,0,OLD,20184572,타짜: 원 아이드 잭,2019-09-11,20190914,3377255652,24.7,-29847090,-0.9,12885113724,368986,2232,0.6,1438522,1389,5710
3,3,0,OLD,20187322,"힘을 내요, 미스터 리",2019-09-11,20190914,2084871818,15.3,-153192870,-6.8,6367986276,240835,-10929,-4.3,734392,990,4021
4,4,1,OLD,20193821,극장판 헬로카봇 : 달나라를 구해줘!,2019-09-04,20190914,376572950,2.8,168680950,81.1,3526873930,47072,21780,86.1,456059,595,1140
5,5,-1,OLD,20184621,엑시트,2019-07-31,20190914,332283050,2.4,-10654630,-3.1,78758820502,37419,-416,-1.1,9366418,404,703
6,6,0,OLD,20192804,그것: 두 번째 이야기,2019-09-04,20190914,178499040,1.3,30853880,20.9,4690140517,20334,4084,25.1,542209,270,375
7,7,1,OLD,20194045,극장판 반지의 비밀일기,2019-09-11,20190914,117977800,0.9,52896500,81.3,332876430,14527,6745,86.7,40766,423,552
8,8,-1,OLD,20181416,유열의 음악앨범,2019-08-28,20190914,102595550,0.8,13335810,14.9,9999302720,11548,1760,18,1217610,231,354
9,9,0,NEW,20193807,예스터데이,2019-09-18,20190914,69939270,0.5,69939270,100,94558270,7411,7411,100,10033,57,91
10,10,0,OLD,20181103,벌새,2019-08-29,20190914,44635130,0.3,10590560,31.1,568395412,5386,1289,31.5,68153,66,131
1,1,0,OLD,20188750,나쁜 녀석들: 더 무비,2019-09-11,20190913,5834715482,46.4,1836516462,45.9,12014638952,640253,197688,44.7,1352377,1331,6595
2,2,0,OLD,20184572,타짜: 원 아이드 잭,2019-09-11,20190913,3407102742,27.1,156368502,4.8,9507858072,366754,12876,3.6,1069536,1415,5956
3,3,0,OLD,20187322,"힘을 내요, 미스터 리",2019-09-11,20190913,2238064688,17.8,864338248,62.9,4283114458,251764,94393,60,493557,947,3973
4,4,1,OLD,20184621,엑시트,2019-07-31,20190913,342937680,2.7,111703390,48.3,78426537452,37835,11998,46.4,9328999,374,635
5,5,-1,OLD,20193821,극장판 헬로카봇 : 달나라를 구해줘!,2019-09-04,20190913,207892000,1.7,-115415200,-35.7,3150300980,25292,-15232,-37.6,408987,591,1099
6,6,0,OLD,20192804,그것: 두 번째 이야기,2019-09-04,20190913,147645160,1.2,-4857580,-3.2,4511641477,16250,-826,-4.8,521875,284,398
7,7,0,OLD,20181416,유열의 음악앨범,2019-08-28,20190913,89259740,0.7,-28137650,-24,9896707170,9788,-3238,-24.9,1206062,263,416
8,8,0,OLD,20194045,극장판 반지의 비밀일기,2019-09-11,20190913,65081300,0.5,-28120330,-30.2,214898630,7782,-3678,-32.1,26239,388,506
9,9,2,OLD,20196850,분노의 질주: 홉스&쇼,2019-08-14,20190913,41969220,0.3,7089320,20.3,32123775753,4680,737,18.7,3643208,80,119
10,10,0,OLD,20181103,벌새,2019-08-29,20190913,34044570,0.3,-3173200,-8.5,523760282,4097,-387,-8.6,62767,58,121
1,1,1,OLD,20188750,나쁜 녀석들: 더 무비,2019-09-11,20190912,3998199020,40.7,2027323470,102.9,6179923470,442565,198230,81.1,712124,1221,6188
2,2,-1,OLD,20184572,타짜: 원 아이드 잭,2019-09-11,20190912,3250734240,33.1,557457450,20.7,6100755330,353878,21586,6.5,702782,1429,6184
3,3,0,OLD,20187322,"힘을 내요, 미스터 리",2019-09-11,20190912,1373726440,14.0,944924110,220.4,2045049770,157371,102051,184.5,241793,894,3847
4,4,3,OLD,20193821,극장판 헬로카봇 : 달나라를 구해줘!,2019-09-04,20190912,323307200,3.3,270281240,509.7,2942408980,40524,33339,464,383695,616,1155
5,5,1,OLD,20184621,엑시트,2019-07-31,20190912,231234290,2.4,155629840,205.8,78083599772,25837,16343,172.1,9291164,350,584
6,6,-2,OLD,20192804,그것: 두 번째 이야기,2019-09-04,20190912,152502740,1.6,31944950,26.5,4363996317,17076,1871,12.3,505625,298,434
7,7,-2,OLD,20181416,유열의 음악앨범,2019-08-28,20190912,117397390,1.2,22427020,23.6,9807447430,13026,1248,10.6,1196274,299,507
8,8,2,OLD,20194045,극장판 반지의 비밀일기,2019-09-11,20190912,93201630,0.9,65965430,242.2,149817330,11460,8107,241.8,18457,459,634
9,9,-1,OLD,20194442,플레이모빌: 더 무비,2019-09-11,20190912,53190320,0.5,26000320,95.6,94780320,6692,2813,72.5,12186,295,378
10,10,-1,OLD,20181103,벌새,2019-08-29,20190912,37217770,0.4,6944650,22.9,489715712,4484,763,20.5,58670,64,127
1,1,20,OLD,20184572,타짜: 원 아이드 잭,2019-09-11,20190911,2693276790,47.6,2688362790,54708.2,2850021090,332292,331508,42284.2,348904,1345,5768
2,2,4,OLD,20188750,나쁜 녀석들: 더 무비,2019-09-11,20190911,1970875550,34.9,1888391550,2289.4,2181724450,244335,233211,2096.5,269559,1139,5788
3,3,16,OLD,20187322,"힘을 내요, 미스터 리",2019-09-11,20190911,428802330,7.6,421017330,5408.1,671323330,55320,54401,5919.6,84422,911,3900
4,4,-3,OLD,20192804,그것: 두 번째 이야기,2019-09-04,20190911,120557790,2.1,-117647690,-49.4,4211493577,15205,-13157,-46.4,488549,310,484
5,5,-3,OLD,20181416,유열의 음악앨범,2019-08-28,20190911,94970370,1.7,-119817270,-55.8,9690050040,11778,-14817,-55.7,1183248,321,658
6,6,-3,OLD,20184621,엑시트,2019-07-31,20190911,75604450,1.3,-81600710,-51.9,77852365482,9494,-10393,-52.3,9265327,317,565
7,7,1,OLD,20193821,극장판 헬로카봇 : 달나라를 구해줘!,2019-09-04,20190911,53025960,0.9,-1831460,-3.3,2619101780,7185,-284,-3.8,343171,413,633
8,8,0,NEW,20194442,플레이모빌: 더 무비,2019-09-11,20190911,27190000,0.5,27190000,100,41590000,3879,3879,100,5494,245,279
9,9,3,OLD,20181103,벌새,2019-08-29,20190911,30273120,0.5,7700220,34.1,452497942,3721,871,30.6,54186,67,148
10,10,17,OLD,20194045,극장판 반지의 비밀일기,2019-09-11,20190911,27236200,0.5,24786700,1011.9,56615700,3353,2979,796.5,6997,277,340
1,1,0,OLD,20192804,그것: 두 번째 이야기,2019-09-04,20190910,238205480,18.8,-11398090,-4.6,4090935787,28362,-1742,-5.8,473344,919,2774
2,2,0,OLD,20181416,유열의 음악앨범,2019-08-28,20190910,214787640,17.0,-5533950,-2.5,9595079670,26595,-867,-3.2,1171470,860,3169
3,3,0,OLD,20184621,엑시트,2019-07-31,20190910,157205160,12.4,-6406830,-3.9,77776761032,19887,-738,-3.6,9255833,679,2332
4,4,0,OLD,20184543,변신,2019-08-21,20190910,110816870,8.8,-10759250,-8.8,15277782385,13765,-1136,-7.6,1786345,660,2050
5,5,0,OLD,20196850,분노의 질주: 홉스&쇼,2019-08-14,20190910,97210020,7.7,-3049820,-3,32026298903,11992,-531,-4.2,3632016,561,1419
6,6,2,OLD,20188750,나쁜 녀석들: 더 무비,2019-09-11,20190910,82484000,6.5,33471600,68.3,210848900,11124,6273,129.3,25224,55,58
7,7,0,OLD,20193665,47미터 2,2019-08-28,20190910,61695650,4.9,-1366170,-2.2,3723234773,7561,-219,-2.8,455697,475,992
8,8,-2,OLD,20193821,극장판 헬로카봇 : 달나라를 구해줘!,2019-09-04,20190910,54857420,4.3,-12069900,-18,2566075820,7469,-1631,-17.9,335986,535,1063
9,9,0,NEW,20194456,양자물리학,2019-09-25,20190910,35682000,2.8,35682000,100,37180000,4298,4298,100,4512,20,20
10,10,-1,OLD,20184462,봉오동 전투,2019-08-07,20190910,26938820,2.1,-928140,-3.3,40500905358,3659,-139,-3.7,4774549,334,508
1,1,1,OLD,20192804,그것: 두 번째 이야기,2019-09-04,20190909,249603570,20.2,-828842040,-76.9,3852730307,30104,-93432,-75.6,444982,929,2848
2,2,1,OLD,20181416,유열의 음악앨범,2019-08-28,20190909,220321590,17.8,-562924780,-71.9,9380292030,27462,-62737,-69.6,1144875,852,3212
3,3,1,OLD,20184621,엑시트,2019-07-31,20190909,163611990,13.2,-511369340,-75.8,77619555872,20625,-58062,-73.8,9235946,680,2371
4,4,1,OLD,20184543,변신,2019-08-21,20190909,121576120,9.8,-359764440,-74.7,15166965515,14901,-40017,-72.9,1772580,635,2038
5,5,1,OLD,20196850,분노의 질주: 홉스&쇼,2019-08-14,20190909,100259840,8.1,-275567600,-73.3,31929088883,12523,-30745,-71.1,3620024,554,1437
6,6,-5,OLD,20193821,극장판 헬로카봇 : 달나라를 구해줘!,2019-09-04,20190909,66927320,5.4,-1027431580,-93.9,2511218400,9100,-132908,-93.6,328517,560,1159
7,7,0,OLD,20193665,47미터 2,2019-08-28,20190909,63061820,5.1,-166951460,-72.6,3661539123,7780,-18795,-70.7,448136,467,989
8,8,34,OLD,20188750,나쁜 녀석들: 더 무비,2019-09-11,20190909,49012400,4.0,47180400,2575.3,128364900,4851,4622,2018.3,14100,31,31
9,9,0,OLD,20184462,봉오동 전투,2019-08-07,20190909,27866960,2.2,-57234570,-67.3,40473966538,3798,-6371,-62.7,4770890,335,515
10,10,-2,OLD,20194541,안녕 베일리,2019-09-05,20190909,27365500,2.2,-109309500,-80,374616100,3516,-11885,-77.2,43333,166,471
